@tick,cpu#15,cpu#14,cpu#13,cpu#12,cpu#11,cpu#10,cpu#19,cpu#18,cpu#17,cpu#16,cpu#2,cpu#1,cpu#0,cpu#23,cpu#22,cpu#21,cpu#20,cpu#9,cpu#8,cpu#7,cpu#6,cpu#5,cpu#4,cpu#3
1,0.0,0.0,0.0,0.0,0.0,0.0,0.0,0.0,0.0,0.0,0.0,0.0,0.0,0.0,0.0,0.0,0.0,0.0,0.0,0.0,0.0,0.0,0.0,0.0
2,0.0,0.0,0.0,0.0,0.0,0.0,0.0,0.0,0.0,0.0,0.0,0.0,0.0,0.0,0.0,0.0,0.0,0.0,0.0,0.0,0.0,0.0,0.0,0.0
3,0.0,0.0,0.0,0.0,0.0,0.0,0.0,0.0,0.0,0.0,0.0,0.0,0.0,0.0,0.0,0.0,0.0,0.0,0.0,0.0,0.0,0.0,0.0,0.0
4,0.0,0.0,0.0,0.0,0.0,0.0,0.0,0.0,0.0,0.0,0.0,0.0,0.0,0.0,0.0,0.0,0.0,0.0,0.0,0.0,0.0,0.0,0.0,0.0
5,0.0,0.0,0.0,0.0,0.0,0.0,0.0,0.0,0.0,0.0,0.0,0.0,0.0,0.0,0.0,0.0,0.0,0.0,0.0,0.0,0.0,0.0,0.0,0.0
6,0.0,0.0,0.0,0.0,0.0,0.0,0.0,0.0,0.0,0.0,0.0,0.0,0.0,0.0,0.0,0.0,0.0,0.0,0.0,0.0,0.0,0.0,0.0,0.0
7,0.0,0.0,0.0,0.0,0.0,0.0,0.0,0.0,0.0,0.0,0.0,0.0,0.0,0.0,0.0,0.0,0.0,0.0,0.0,0.0,0.0,0.0,0.0,0.0
8,0.0,0.0,0.0,0.0,0.0,0.0,0.0,0.0,0.0,0.0,0.0,0.0,0.0,0.0,0.0,0.0,0.0,0.0,0.0,0.0,0.0,0.0,0.0,0.0
9,21.052631578947366,33.89830508474576,28.8135593220339,36.84210526315789,39.6551724137931,12.5,19.642857142857142,21.818181818181817,25.454545454545453,24.561403508771928,27.586206896551722,42.10526315789473,21.052631578947366,73.68421052631578,22.22222222222222,22.22222222222222,22.807017543859647,25.925925925925924,28.07017543859649,22.807017543859647,25.0,20.689655172413794,18.51851851851852,23.214285714285715
10,21.052631578947366,33.89830508474576,28.8135593220339,36.84210526315789,39.6551724137931,12.5,19.642857142857142,21.818181818181817,25.454545454545453,24.561403508771928,27.586206896551722,42.10526315789473,21.052631578947366,73.68421052631578,22.22222222222222,22.22222222222222,22.807017543859647,25.925925925925924,28.07017543859649,22.807017543859647,25.0,20.689655172413794,18.51851851851852,23.214285714285715
11,21.052631578947366,33.89830508474576,28.8135593220339,36.84210526315789,39.6551724137931,12.5,19.642857142857142,21.818181818181817,25.454545454545453,24.561403508771928,27.586206896551722,42.10526315789473,21.052631578947366,73.68421052631578,22.22222222222222,22.22222222222222,22.807017543859647,25.925925925925924,28.07017543859649,22.807017543859647,25.0,20.689655172413794,18.51851851851852,23.214285714285715
12,21.052631578947366,33.89830508474576,28.8135593220339,36.84210526315789,39.6551724137931,12.5,19.642857142857142,21.818181818181817,25.454545454545453,24.561403508771928,27.586206896551722,42.10526315789473,21.052631578947366,73.68421052631578,22.22222222222222,22.22222222222222,22.807017543859647,25.925925925925924,28.07017543859649,22.807017543859647,25.0,20.689655172413794,18.51851851851852,23.214285714285715
13,21.052631578947366,33.89830508474576,28.8135593220339,36.84210526315789,39.6551724137931,12.5,19.642857142857142,21.818181818181817,25.454545454545453,24.561403508771928,27.586206896551722,42.10526315789473,21.052631578947366,73.68421052631578,22.22222222222222,22.22222222222222,22.807017543859647,25.925925925925924,28.07017543859649,22.807017543859647,25.0,20.689655172413794,18.51851851851852,23.214285714285715
14,21.052631578947366,33.89830508474576,28.8135593220339,36.84210526315789,39.6551724137931,12.5,19.642857142857142,21.818181818181817,25.454545454545453,24.561403508771928,27.586206896551722,42.10526315789473,21.052631578947366,73.68421052631578,22.22222222222222,22.22222222222222,22.807017543859647,25.925925925925924,28.07017543859649,22.807017543859647,25.0,20.689655172413794,18.51851851851852,23.214285714285715
15,21.052631578947366,33.89830508474576,28.8135593220339,36.84210526315789,39.6551724137931,12.5,19.642857142857142,21.818181818181817,25.454545454545453,24.561403508771928,27.586206896551722,42.10526315789473,21.052631578947366,73.68421052631578,22.22222222222222,22.22222222222222,22.807017543859647,25.925925925925924,28.07017543859649,22.807017543859647,25.0,20.689655172413794,18.51851851851852,23.214285714285715
16,21.052631578947366,33.89830508474576,28.8135593220339,36.84210526315789,39.6551724137931,12.5,19.642857142857142,21.818181818181817,25.454545454545453,24.561403508771928,27.586206896551722,42.10526315789473,21.052631578947366,73.68421052631578,22.22222222222222,22.22222222222222,22.807017543859647,25.925925925925924,28.07017543859649,22.807017543859647,25.0,20.689655172413794,18.51851851851852,23.214285714285715
17,22.448979591836736,29.411764705882355,28.846153846153843,33.33333333333333,22.448979591836736,16.666666666666664,22.448979591836736,29.09090909090909,26.923076923076923,20.0,32.6530612244898,34.61538461538461,41.17647058823529,96.36363636363636,18.0,14.000000000000002,23.52941176470588,16.666666666666664,26.0,28.30188679245283,27.450980392156865,23.076923076923077,18.367346938775512,19.607843137254903
18,22.448979591836736,29.411764705882355,28.846153846153843,33.33333333333333,22.448979591836736,16.666666666666664,22.448979591836736,29.09090909090909,26.923076923076923,20.0,32.6530612244898,34.61538461538461,41.17647058823529,96.36363636363636,18.0,14.000000000000002,23.52941176470588,16.666666666666664,26.0,28.30188679245283,27.450980392156865,23.076923076923077,18.367346938775512,19.607843137254903
19,22.448979591836736,29.411764705882355,28.846153846153843,33.33333333333333,22.448979591836736,16.666666666666664,22.448979591836736,29.09090909090909,26.923076923076923,20.0,32.6530612244898,34.61538461538461,41.17647058823529,96.36363636363636,18.0,14.000000000000002,23.52941176470588,16.666666666666664,26.0,28.30188679245283,27.450980392156865,23.076923076923077,18.367346938775512,19.607843137254903
20,22.448979591836736,29.411764705882355,28.846153846153843,33.33333333333333,22.448979591836736,16.666666666666664,22.448979591836736,29.09090909090909,26.923076923076923,20.0,32.6530612244898,34.61538461538461,41.17647058823529,96.36363636363636,18.0,14.000000000000002,23.52941176470588,16.666666666666664,26.0,28.30188679245283,27.450980392156865,23.076923076923077,18.367346938775512,19.607843137254903
21,22.448979591836736,29.411764705882355,28.846153846153843,33.33333333333333,22.448979591836736,16.666666666666664,22.448979591836736,29.09090909090909,26.923076923076923,20.0,32.6530612244898,34.61538461538461,41.17647058823529,96.36363636363636,18.0,14.000000000000002,23.52941176470588,16.666666666666664,26.0,28.30188679245283,27.450980392156865,23.076923076923077,18.367346938775512,19.607843137254903
22,22.448979591836736,29.411764705882355,28.846153846153843,33.33333333333333,22.448979591836736,16.666666666666664,22.448979591836736,29.09090909090909,26.923076923076923,20.0,32.6530612244898,34.61538461538461,41.17647058823529,96.36363636363636,18.0,14.000000000000002,23.52941176470588,16.666666666666664,26.0,28.30188679245283,27.450980392156865,23.076923076923077,18.367346938775512,19.607843137254903
23,22.448979591836736,29.411764705882355,28.846153846153843,33.33333333333333,22.448979591836736,16.666666666666664,22.448979591836736,29.09090909090909,26.923076923076923,20.0,32.6530612244898,34.61538461538461,41.17647058823529,96.36363636363636,18.0,14.000000000000002,23.52941176470588,16.666666666666664,26.0,28.30188679245283,27.450980392156865,23.076923076923077,18.367346938775512,19.607843137254903
24,22.448979591836736,29.411764705882355,28.846153846153843,33.33333333333333,22.448979591836736,16.666666666666664,22.448979591836736,29.09090909090909,26.923076923076923,20.0,32.6530612244898,34.61538461538461,41.17647058823529,96.36363636363636,18.0,14.000000000000002,23.52941176470588,16.666666666666664,26.0,28.30188679245283,27.450980392156865,23.076923076923077,18.367346938775512,19.607843137254903
25,17.02127659574468,29.78723404255319,33.33333333333333,43.13725490196079,14.583333333333334,18.367346938775512,18.0,29.166666666666668,16.3265306122449,18.75,45.09803921568628,25.49019607843137,21.73913043478261,100.0,20.0,22.448979591836736,25.53191489361702,14.893617021276595,23.52941176470588,27.083333333333332,14.893617021276595,29.411764705882355,26.53061224489796,22.916666666666664
26,17.02127659574468,29.78723404255319,33.33333333333333,43.13725490196079,14.583333333333334,18.367346938775512,18.0,29.166666666666668,16.3265306122449,18.75,45.09803921568628,25.49019607843137,21.73913043478261,100.0,20.0,22.448979591836736,25.53191489361702,14.893617021276595,23.52941176470588,27.083333333333332,14.893617021276595,29.411764705882355,26.53061224489796,22.916666666666664
27,17.02127659574468,29.78723404255319,33.33333333333333,43.13725490196079,14.583333333333334,18.367346938775512,18.0,29.166666666666668,16.3265306122449,18.75,45.09803921568628,25.49019607843137,21.73913043478261,100.0,20.0,22.448979591836736,25.53191489361702,14.893617021276595,23.52941176470588,27.083333333333332,14.893617021276595,29.411764705882355,26.53061224489796,22.916666666666664
28,17.02127659574468,29.78723404255319,33.33333333333333,43.13725490196079,14.583333333333334,18.367346938775512,18.0,29.166666666666668,16.3265306122449,18.75,45.09803921568628,25.49019607843137,21.73913043478261,100.0,20.0,22.448979591836736,25.53191489361702,14.893617021276595,23.52941176470588,27.083333333333332,14.893617021276595,29.411764705882355,26.53061224489796,22.916666666666664
29,17.02127659574468,29.78723404255319,33.33333333333333,43.13725490196079,14.583333333333334,18.367346938775512,18.0,29.166666666666668,16.3265306122449,18.75,45.09803921568628,25.49019607843137,21.73913043478261,100.0,20.0,22.448979591836736,25.53191489361702,14.893617021276595,23.52941176470588,27.083333333333332,14.893617021276595,29.411764705882355,26.53061224489796,22.916666666666664
30,17.02127659574468,29.78723404255319,33.33333333333333,43.13725490196079,14.583333333333334,18.367346938775512,18.0,29.166666666666668,16.3265306122449,18.75,45.09803921568628,25.49019607843137,21.73913043478261,100.0,20.0,22.448979591836736,25.53191489361702,14.893617021276595,23.52941176470588,27.083333333333332,14.893617021276595,29.411764705882355,26.53061224489796,22.916666666666664
31,17.02127659574468,29.78723404255319,33.33333333333333,43.13725490196079,14.583333333333334,18.367346938775512,18.0,29.166666666666668,16.3265306122449,18.75,45.09803921568628,25.49019607843137,21.73913043478261,100.0,20.0,22.448979591836736,25.53191489361702,14.893617021276595,23.52941176470588,27.083333333333332,14.893617021276595,29.411764705882355,26.53061224489796,22.916666666666664
32,17.02127659574468,29.78723404255319,33.33333333333333,43.13725490196079,14.583333333333334,18.367346938775512,18.0,29.166666666666668,16.3265306122449,18.75,45.09803921568628,25.49019607843137,21.73913043478261,100.0,20.0,22.448979591836736,25.53191489361702,14.893617021276595,23.52941176470588,27.083333333333332,14.893617021276595,29.411764705882355,26.53061224489796,22.916666666666664
33,16.0,40.0,30.612244897959183,22.916666666666664,12.76595744680851,25.0,26.08695652173913,20.408163265306122,12.244897959183673,18.367346938775512,31.914893617021278,26.53061224489796,36.0,98.07692307692307,17.02127659574468,20.0,29.166666666666668,13.043478260869565,19.565217391304348,27.083333333333332,40.816326530612244,14.285714285714285,16.0,10.638297872340425
34,16.0,40.0,30.612244897959183,22.916666666666664,12.76595744680851,25.0,26.08695652173913,20.408163265306122,12.244897959183673,18.367346938775512,31.914893617021278,26.53061224489796,36.0,98.07692307692307,17.02127659574468,20.0,29.166666666666668,13.043478260869565,19.565217391304348,27.083333333333332,40.816326530612244,14.285714285714285,16.0,10.638297872340425
35,16.0,40.0,30.612244897959183,22.916666666666664,12.76595744680851,25.0,26.08695652173913,20.408163265306122,12.244897959183673,18.367346938775512,31.914893617021278,26.53061224489796,36.0,98.07692307692307,17.02127659574468,20.0,29.166666666666668,13.043478260869565,19.565217391304348,27.083333333333332,40.816326530612244,14.285714285714285,16.0,10.638297872340425
36,16.0,40.0,30.612244897959183,22.916666666666664,12.76595744680851,25.0,26.08695652173913,20.408163265306122,12.244897959183673,18.367346938775512,31.914893617021278,26.53061224489796,36.0,98.07692307692307,17.02127659574468,20.0,29.166666666666668,13.043478260869565,19.565217391304348,27.083333333333332,40.816326530612244,14.285714285714285,16.0,10.638297872340425
37,16.0,40.0,30.612244897959183,22.916666666666664,12.76595744680851,25.0,26.08695652173913,20.408163265306122,12.244897959183673,18.367346938775512,31.914893617021278,26.53061224489796,36.0,98.07692307692307,17.02127659574468,20.0,29.166666666666668,13.043478260869565,19.565217391304348,27.083333333333332,40.816326530612244,14.285714285714285,16.0,10.638297872340425
38,16.0,40.0,30.612244897959183,22.916666666666664,12.76595744680851,25.0,26.08695652173913,20.408163265306122,12.244897959183673,18.367346938775512,31.914893617021278,26.53061224489796,36.0,98.07692307692307,17.02127659574468,20.0,29.166666666666668,13.043478260869565,19.565217391304348,27.083333333333332,40.816326530612244,14.285714285714285,16.0,10.638297872340425
39,16.0,40.0,30.612244897959183,22.916666666666664,12.76595744680851,25.0,26.08695652173913,20.408163265306122,12.244897959183673,18.367346938775512,31.914893617021278,26.53061224489796,36.0,98.07692307692307,17.02127659574468,20.0,29.166666666666668,13.043478260869565,19.565217391304348,27.083333333333332,40.816326530612244,14.285714285714285,16.0,10.638297872340425
40,16.0,40.0,30.612244897959183,22.916666666666664,12.76595744680851,25.0,26.08695652173913,20.408163265306122,12.244897959183673,18.367346938775512,31.914893617021278,26.53061224489796,36.0,98.07692307692307,17.02127659574468,20.0,29.166666666666668,13.043478260869565,19.565217391304348,27.083333333333332,40.816326530612244,14.285714285714285,16.0,10.638297872340425
41,16.3265306122449,25.53191489361702,26.53061224489796,40.816326530612244,14.893617021276595,21.27659574468085,27.083333333333332,31.25,18.367346938775512,21.153846153846153,32.0,32.0,27.659574468085108,98.07692307692307,10.869565217391305,17.391304347826086,24.489795918367346,29.166666666666668,35.41666666666667,28.57142857142857,29.78723404255319,14.583333333333334,17.647058823529413,18.367346938775512
42,16.3265306122449,25.53191489361702,26.53061224489796,40.816326530612244,14.893617021276595,21.27659574468085,27.083333333333332,31.25,18.367346938775512,21.153846153846153,32.0,32.0,27.659574468085108,98.07692307692307,10.869565217391305,17.391304347826086,24.489795918367346,29.166666666666668,35.41666666666667,28.57142857142857,29.78723404255319,14.583333333333334,17.647058823529413,18.367346938775512
43,16.3265306122449,25.53191489361702,26.53061224489796,40.816326530612244,14.893617021276595,21.27659574468085,27.083333333333332,31.25,18.367346938775512,21.153846153846153,32.0,32.0,27.659574468085108,98.07692307692307,10.869565217391305,17.391304347826086,24.489795918367346,29.166666666666668,35.41666666666667,28.57142857142857,29.78723404255319,14.583333333333334,17.647058823529413,18.367346938775512
44,16.3265306122449,25.53191489361702,26.53061224489796,40.816326530612244,14.893617021276595,21.27659574468085,27.083333333333332,31.25,18.367346938775512,21.153846153846153,32.0,32.0,27.659574468085108,98.07692307692307,10.869565217391305,17.391304347826086,24.489795918367346,29.166666666666668,35.41666666666667,28.57142857142857,29.78723404255319,14.583333333333334,17.647058823529413,18.367346938775512
45,16.3265306122449,25.53191489361702,26.53061224489796,40.816326530612244,14.893617021276595,21.27659574468085,27.083333333333332,31.25,18.367346938775512,21.153846153846153,32.0,32.0,27.659574468085108,98.07692307692307,10.869565217391305,17.391304347826086,24.489795918367346,29.166666666666668,35.41666666666667,28.57142857142857,29.78723404255319,14.583333333333334,17.647058823529413,18.367346938775512
46,16.3265306122449,25.53191489361702,26.53061224489796,40.816326530612244,14.893617021276595,21.27659574468085,27.083333333333332,31.25,18.367346938775512,21.153846153846153,32.0,32.0,27.659574468085108,98.07692307692307,10.869565217391305,17.391304347826086,24.489795918367346,29.166666666666668,35.41666666666667,28.57142857142857,29.78723404255319,14.583333333333334,17.647058823529413,18.367346938775512
47,16.3265306122449,25.53191489361702,26.53061224489796,40.816326530612244,14.893617021276595,21.27659574468085,27.083333333333332,31.25,18.367346938775512,21.153846153846153,32.0,32.0,27.659574468085108,98.07692307692307,10.869565217391305,17.391304347826086,24.489795918367346,29.166666666666668,35.41666666666667,28.57142857142857,29.78723404255319,14.583333333333334,17.647058823529413,18.367346938775512
48,16.3265306122449,25.53191489361702,26.53061224489796,40.816326530612244,14.893617021276595,21.27659574468085,27.083333333333332,31.25,18.367346938775512,21.153846153846153,32.0,32.0,27.659574468085108,98.07692307692307,10.869565217391305,17.391304347826086,24.489795918367346,29.166666666666668,35.41666666666667,28.57142857142857,29.78723404255319,14.583333333333334,17.647058823529413,18.367346938775512
49,12.244897959183673,29.411764705882355,25.49019607843137,33.33333333333333,44.89795918367347,10.638297872340425,34.0,28.846153846153843,13.725490196078432,16.0,41.17647058823529,36.0,27.450980392156865,41.66666666666667,52.94117647058824,10.638297872340425,18.0,19.148936170212767,26.923076923076923,32.6530612244898,26.0,17.647058823529413,14.000000000000002,24.0
50,12.244897959183673,29.411764705882355,25.49019607843137,33.33333333333333,44.89795918367347,10.638297872340425,34.0,28.846153846153843,13.725490196078432,16.0,41.17647058823529,36.0,27.450980392156865,41.66666666666667,52.94117647058824,10.638297872340425,18.0,19.148936170212767,26.923076923076923,32.6530612244898,26.0,17.647058823529413,14.000000000000002,24.0
51,12.244897959183673,29.411764705882355,25.49019607843137,33.33333333333333,44.89795918367347,10.638297872340425,34.0,28.846153846153843,13.725490196078432,16.0,41.17647058823529,36.0,27.450980392156865,41.66666666666667,52.94117647058824,10.638297872340425,18.0,19.148936170212767,26.923076923076923,32.6530612244898,26.0,17.647058823529413,14.000000000000002,24.0
52,12.244897959183673,29.411764705882355,25.49019607843137,33.33333333333333,44.89795918367347,10.638297872340425,34.0,28.846153846153843,13.725490196078432,16.0,41.17647058823529,36.0,27.450980392156865,41.66666666666667,52.94117647058824,10.638297872340425,18.0,19.148936170212767,26.923076923076923,32.6530612244898,26.0,17.647058823529413,14.000000000000002,24.0
53,12.244897959183673,29.411764705882355,25.49019607843137,33.33333333333333,44.89795918367347,10.638297872340425,34.0,28.846153846153843,13.725490196078432,16.0,41.17647058823529,36.0,27.450980392156865,41.66666666666667,52.94117647058824,10.638297872340425,18.0,19.148936170212767,26.923076923076923,32.6530612244898,26.0,17.647058823529413,14.000000000000002,24.0
54,12.244897959183673,29.411764705882355,25.49019607843137,33.33333333333333,44.89795918367347,10.638297872340425,34.0,28.846153846153843,13.725490196078432,16.0,41.17647058823529,36.0,27.450980392156865,41.66666666666667,52.94117647058824,10.638297872340425,18.0,19.148936170212767,26.923076923076923,32.6530612244898,26.0,17.647058823529413,14.000000000000002,24.0
55,12.244897959183673,29.411764705882355,25.49019607843137,33.33333333333333,44.89795918367347,10.638297872340425,34.0,28.846153846153843,13.725490196078432,16.0,41.17647058823529,36.0,27.450980392156865,41.66666666666667,52.94117647058824,10.638297872340425,18.0,19.148936170212767,26.923076923076923,32.6530612244898,26.0,17.647058823529413,14.000000000000002,24.0
56,12.244897959183673,29.411764705882355,25.49019607843137,33.33333333333333,44.89795918367347,10.638297872340425,34.0,28.846153846153843,13.725490196078432,16.0,41.17647058823529,36.0,27.450980392156865,41.66666666666667,52.94117647058824,10.638297872340425,18.0,19.148936170212767,26.923076923076923,32.6530612244898,26.0,17.647058823529413,14.000000000000002,24.0
57,20.0,26.53061224489796,30.76923076923077,29.411764705882355,16.666666666666664,24.0,25.0,23.404255319148938,25.0,15.217391304347828,33.33333333333333,40.0,31.372549019607842,10.869565217391305,98.07692307692307,16.3265306122449,26.08695652173913,21.27659574468085,42.857142857142854,28.26086956521739,23.404255319148938,22.448979591836736,25.0,23.52941176470588
58,20.0,26.53061224489796,30.76923076923077,29.411764705882355,16.666666666666664,24.0,25.0,23.404255319148938,25.0,15.217391304347828,33.33333333333333,40.0,31.372549019607842,10.869565217391305,98.07692307692307,16.3265306122449,26.08695652173913,21.27659574468085,42.857142857142854,28.26086956521739,23.404255319148938,22.448979591836736,25.0,23.52941176470588
59,20.0,26.53061224489796,30.76923076923077,29.411764705882355,16.666666666666664,24.0,25.0,23.404255319148938,25.0,15.217391304347828,33.33333333333333,40.0,31.372549019607842,10.869565217391305,98.07692307692307,16.3265306122449,26.08695652173913,21.27659574468085,42.857142857142854,28.26086956521739,23.404255319148938,22.448979591836736,25.0,23.52941176470588
60,20.0,26.53061224489796,30.76923076923077,29.411764705882355,16.666666666666664,24.0,25.0,23.404255319148938,25.0,15.217391304347828,33.33333333333333,40.0,31.372549019607842,10.869565217391305,98.07692307692307,16.3265306122449,26.08695652173913,21.27659574468085,42.857142857142854,28.26086956521739,23.404255319148938,22.448979591836736,25.0,23.52941176470588
61,20.0,26.53061224489796,30.76923076923077,29.411764705882355,16.666666666666664,24.0,25.0,23.404255319148938,25.0,15.217391304347828,33.33333333333333,40.0,31.372549019607842,10.869565217391305,98.07692307692307,16.3265306122449,26.08695652173913,21.27659574468085,42.857142857142854,28.26086956521739,23.404255319148938,22.448979591836736,25.0,23.52941176470588
62,20.0,26.53061224489796,30.76923076923077,29.411764705882355,16.666666666666664,24.0,25.0,23.404255319148938,25.0,15.217391304347828,33.33333333333333,40.0,31.372549019607842,10.869565217391305,98.07692307692307,16.3265306122449,26.08695652173913,21.27659574468085,42.857142857142854,28.26086956521739,23.404255319148938,22.448979591836736,25.0,23.52941176470588
63,20.0,26.53061224489796,30.76923076923077,29.411764705882355,16.666666666666664,24.0,25.0,23.404255319148938,25.0,15.217391304347828,33.33333333333333,40.0,31.372549019607842,10.869565217391305,98.07692307692307,16.3265306122449,26.08695652173913,21.27659574468085,42.857142857142854,28.26086956521739,23.404255319148938,22.448979591836736,25.0,23.52941176470588
64,20.0,26.53061224489796,30.76923076923077,29.411764705882355,16.666666666666664,24.0,25.0,23.404255319148938,25.0,15.217391304347828,33.33333333333333,40.0,31.372549019607842,10.869565217391305,98.07692307692307,16.3265306122449,26.08695652173913,21.27659574468085,42.857142857142854,28.26086956521739,23.404255319148938,22.448979591836736,25.0,23.52941176470588
65,17.391304347826086,30.612244897959183,26.0,24.489795918367346,18.75,16.666666666666664,18.6046511627907,21.73913043478261,18.75,16.666666666666664,26.923076923076923,36.0,35.41666666666667,12.5,88.23529411764706,16.3265306122449,26.08695652173913,31.25,25.0,40.816326530612244,31.11111111111111,18.367346938775512,18.75,14.285714285714285
66,17.391304347826086,30.612244897959183,26.0,24.489795918367346,18.75,16.666666666666664,18.6046511627907,21.73913043478261,18.75,16.666666666666664,26.923076923076923,36.0,35.41666666666667,12.5,88.23529411764706,16.3265306122449,26.08695652173913,31.25,25.0,40.816326530612244,31.11111111111111,18.367346938775512,18.75,14.285714285714285
67,17.391304347826086,30.612244897959183,26.0,24.489795918367346,18.75,16.666666666666664,18.6046511627907,21.73913043478261,18.75,16.666666666666664,26.923076923076923,36.0,35.41666666666667,12.5,88.23529411764706,16.3265306122449,26.08695652173913,31.25,25.0,40.816326530612244,31.11111111111111,18.367346938775512,18.75,14.285714285714285
68,17.391304347826086,30.612244897959183,26.0,24.489795918367346,18.75,16.666666666666664,18.6046511627907,21.73913043478261,18.75,16.666666666666664,26.923076923076923,36.0,35.41666666666667,12.5,88.23529411764706,16.3265306122449,26.08695652173913,31.25,25.0,40.816326530612244,31.11111111111111,18.367346938775512,18.75,14.285714285714285
69,17.391304347826086,30.612244897959183,26.0,24.489795918367346,18.75,16.666666666666664,18.6046511627907,21.73913043478261,18.75,16.666666666666664,26.923076923076923,36.0,35.41666666666667,12.5,88.23529411764706,16.3265306122449,26.08695652173913,31.25,25.0,40.816326530612244,31.11111111111111,18.367346938775512,18.75,14.285714285714285
70,17.391304347826086,30.612244897959183,26.0,24.489795918367346,18.75,16.666666666666664,18.6046511627907,21.73913043478261,18.75,16.666666666666664,26.923076923076923,36.0,35.41666666666667,12.5,88.23529411764706,16.3265306122449,26.08695652173913,31.25,25.0,40.816326530612244,31.11111111111111,18.367346938775512,18.75,14.285714285714285
71,17.391304347826086,30.612244897959183,26.0,24.489795918367346,18.75,16.666666666666664,18.6046511627907,21.73913043478261,18.75,16.666666666666664,26.923076923076923,36.0,35.41666666666667,12.5,88.23529411764706,16.3265306122449,26.08695652173913,31.25,25.0,40.816326530612244,31.11111111111111,18.367346938775512,18.75,14.285714285714285
72,17.391304347826086,30.612244897959183,26.0,24.489795918367346,18.75,16.666666666666664,18.6046511627907,21.73913043478261,18.75,16.666666666666664,26.923076923076923,36.0,35.41666666666667,12.5,88.23529411764706,16.3265306122449,26.08695652173913,31.25,25.0,40.816326530612244,31.11111111111111,18.367346938775512,18.75,14.285714285714285
73,24.489795918367346,20.833333333333336,24.489795918367346,18.75,20.408163265306122,80.0,27.659574468085108,28.26086956521739,20.408163265306122,44.89795918367347,27.083333333333332,23.404255319148938,25.53191489361702,10.416666666666668,4.3478260869565215,21.27659574468085,25.53191489361702,32.6530612244898,27.659574468085108,18.181818181818183,35.41666666666667,20.0,30.612244897959183,29.78723404255319
74,24.489795918367346,20.833333333333336,24.489795918367346,18.75,20.408163265306122,80.0,27.659574468085108,28.26086956521739,20.408163265306122,44.89795918367347,27.083333333333332,23.404255319148938,25.53191489361702,10.416666666666668,4.3478260869565215,21.27659574468085,25.53191489361702,32.6530612244898,27.659574468085108,18.181818181818183,35.41666666666667,20.0,30.612244897959183,29.78723404255319
75,24.489795918367346,20.833333333333336,24.489795918367346,18.75,20.408163265306122,80.0,27.659574468085108,28.26086956521739,20.408163265306122,44.89795918367347,27.083333333333332,23.404255319148938,25.53191489361702,10.416666666666668,4.3478260869565215,21.27659574468085,25.53191489361702,32.6530612244898,27.659574468085108,18.181818181818183,35.41666666666667,20.0,30.612244897959183,29.78723404255319
76,24.489795918367346,20.833333333333336,24.489795918367346,18.75,20.408163265306122,80.0,27.659574468085108,28.26086956521739,20.408163265306122,44.89795918367347,27.083333333333332,23.404255319148938,25.53191489361702,10.416666666666668,4.3478260869565215,21.27659574468085,25.53191489361702,32.6530612244898,27.659574468085108,18.181818181818183,35.41666666666667,20.0,30.612244897959183,29.78723404255319
77,24.489795918367346,20.833333333333336,24.489795918367346,18.75,20.408163265306122,80.0,27.659574468085108,28.26086956521739,20.408163265306122,44.89795918367347,27.083333333333332,23.404255319148938,25.53191489361702,10.416666666666668,4.3478260869565215,21.27659574468085,25.53191489361702,32.6530612244898,27.659574468085108,18.181818181818183,35.41666666666667,20.0,30.612244897959183,29.78723404255319
78,24.489795918367346,20.833333333333336,24.489795918367346,18.75,20.408163265306122,80.0,27.659574468085108,28.26086956521739,20.408163265306122,44.89795918367347,27.083333333333332,23.404255319148938,25.53191489361702,10.416666666666668,4.3478260869565215,21.27659574468085,25.53191489361702,32.6530612244898,27.659574468085108,18.181818181818183,35.41666666666667,20.0,30.612244897959183,29.78723404255319
79,24.489795918367346,20.833333333333336,24.489795918367346,18.75,20.408163265306122,80.0,27.659574468085108,28.26086956521739,20.408163265306122,44.89795918367347,27.083333333333332,23.404255319148938,25.53191489361702,10.416666666666668,4.3478260869565215,21.27659574468085,25.53191489361702,32.6530612244898,27.659574468085108,18.181818181818183,35.41666666666667,20.0,30.612244897959183,29.78723404255319
80,24.489795918367346,20.833333333333336,24.489795918367346,18.75,20.408163265306122,80.0,27.659574468085108,28.26086956521739,20.408163265306122,44.89795918367347,27.083333333333332,23.404255319148938,25.53191489361702,10.416666666666668,4.3478260869565215,21.27659574468085,25.53191489361702,32.6530612244898,27.659574468085108,18.181818181818183,35.41666666666667,20.0,30.612244897959183,29.78723404255319
81,10.416666666666668,37.5,35.41666666666667,31.25,22.916666666666664,98.0392156862745,36.17021276595745,14.893617021276595,17.647058823529413,16.0,44.89795918367347,26.08695652173913,38.297872340425535,12.0,24.0,8.51063829787234,23.404255319148938,14.285714285714285,27.659574468085108,22.916666666666664,28.26086956521739,12.244897959183673,12.5,12.244897959183673
82,10.416666666666668,37.5,35.41666666666667,31.25,22.916666666666664,98.0392156862745,36.17021276595745,14.893617021276595,17.647058823529413,16.0,44.89795918367347,26.08695652173913,38.297872340425535,12.0,24.0,8.51063829787234,23.404255319148938,14.285714285714285,27.659574468085108,22.916666666666664,28.26086956521739,12.244897959183673,12.5,12.244897959183673
83,10.416666666666668,37.5,35.41666666666667,31.25,22.916666666666664,98.0392156862745,36.17021276595745,14.893617021276595,17.647058823529413,16.0,44.89795918367347,26.08695652173913,38.297872340425535,12.0,24.0,8.51063829787234,23.404255319148938,14.285714285714285,27.659574468085108,22.916666666666664,28.26086956521739,12.244897959183673,12.5,12.244897959183673
84,10.416666666666668,37.5,35.41666666666667,31.25,22.916666666666664,98.0392156862745,36.17021276595745,14.893617021276595,17.647058823529413,16.0,44.89795918367347,26.08695652173913,38.297872340425535,12.0,24.0,8.51063829787234,23.404255319148938,14.285714285714285,27.659574468085108,22.916666666666664,28.26086956521739,12.244897959183673,12.5,12.244897959183673
85,10.416666666666668,37.5,35.41666666666667,31.25,22.916666666666664,98.0392156862745,36.17021276595745,14.893617021276595,17.647058823529413,16.0,44.89795918367347,26.08695652173913,38.297872340425535,12.0,24.0,8.51063829787234,23.404255319148938,14.285714285714285,27.659574468085108,22.916666666666664,28.26086956521739,12.244897959183673,12.5,12.244897959183673
86,10.416666666666668,37.5,35.41666666666667,31.25,22.916666666666664,98.0392156862745,36.17021276595745,14.893617021276595,17.647058823529413,16.0,44.89795918367347,26.08695652173913,38.297872340425535,12.0,24.0,8.51063829787234,23.404255319148938,14.285714285714285,27.659574468085108,22.916666666666664,28.26086956521739,12.244897959183673,12.5,12.244897959183673
87,10.416666666666668,37.5,35.41666666666667,31.25,22.916666666666664,98.0392156862745,36.17021276595745,14.893617021276595,17.647058823529413,16.0,44.89795918367347,26.08695652173913,38.297872340425535,12.0,24.0,8.51063829787234,23.404255319148938,14.285714285714285,27.659574468085108,22.916666666666664,28.26086956521739,12.244897959183673,12.5,12.244897959183673
88,10.416666666666668,37.5,35.41666666666667,31.25,22.916666666666664,98.0392156862745,36.17021276595745,14.893617021276595,17.647058823529413,16.0,44.89795918367347,26.08695652173913,38.297872340425535,12.0,24.0,8.51063829787234,23.404255319148938,14.285714285714285,27.659574468085108,22.916666666666664,28.26086956521739,12.244897959183673,12.5,12.244897959183673
89,22.0,39.58333333333333,27.083333333333332,28.000000000000004,16.666666666666664,71.15384615384616,19.565217391304348,27.083333333333332,14.583333333333334,22.641509433962266,34.69387755102041,27.659574468085108,51.06382978723404,8.16326530612245,50.0,20.0,43.39622641509434,16.0,25.0,30.612244897959183,34.04255319148936,20.0,16.666666666666664,18.0
90,22.0,39.58333333333333,27.083333333333332,28.000000000000004,16.666666666666664,71.15384615384616,19.565217391304348,27.083333333333332,14.583333333333334,22.641509433962266,34.69387755102041,27.659574468085108,51.06382978723404,8.16326530612245,50.0,20.0,43.39622641509434,16.0,25.0,30.612244897959183,34.04255319148936,20.0,16.666666666666664,18.0
91,22.0,39.58333333333333,27.083333333333332,28.000000000000004,16.666666666666664,71.15384615384616,19.565217391304348,27.083333333333332,14.583333333333334,22.641509433962266,34.69387755102041,27.659574468085108,51.06382978723404,8.16326530612245,50.0,20.0,43.39622641509434,16.0,25.0,30.612244897959183,34.04255319148936,20.0,16.666666666666664,18.0
92,22.0,39.58333333333333,27.083333333333332,28.000000000000004,16.666666666666664,71.15384615384616,19.565217391304348,27.083333333333332,14.583333333333334,22.641509433962266,34.69387755102041,27.659574468085108,51.06382978723404,8.16326530612245,50.0,20.0,43.39622641509434,16.0,25.0,30.612244897959183,34.04255319148936,20.0,16.666666666666664,18.0
93,22.0,39.58333333333333,27.083333333333332,28.000000000000004,16.666666666666664,71.15384615384616,19.565217391304348,27.083333333333332,14.583333333333334,22.641509433962266,34.69387755102041,27.659574468085108,51.06382978723404,8.16326530612245,50.0,20.0,43.39622641509434,16.0,25.0,30.612244897959183,34.04255319148936,20.0,16.666666666666664,18.0
94,22.0,39.58333333333333,27.083333333333332,28.000000000000004,16.666666666666664,71.15384615384616,19.565217391304348,27.083333333333332,14.583333333333334,22.641509433962266,34.69387755102041,27.659574468085108,51.06382978723404,8.16326530612245,50.0,20.0,43.39622641509434,16.0,25.0,30.612244897959183,34.04255319148936,20.0,16.666666666666664,18.0
95,22.0,39.58333333333333,27.083333333333332,28.000000000000004,16.666666666666664,71.15384615384616,19.565217391304348,27.083333333333332,14.583333333333334,22.641509433962266,34.69387755102041,27.659574468085108,51.06382978723404,8.16326530612245,50.0,20.0,43.39622641509434,16.0,25.0,30.612244897959183,34.04255319148936,20.0,16.666666666666664,18.0
96,22.0,39.58333333333333,27.083333333333332,28.000000000000004,16.666666666666664,71.15384615384616,19.565217391304348,27.083333333333332,14.583333333333334,22.641509433962266,34.69387755102041,27.659574468085108,51.06382978723404,8.16326530612245,50.0,20.0,43.39622641509434,16.0,25.0,30.612244897959183,34.04255319148936,20.0,16.666666666666664,18.0
97,14.583333333333334,22.448979591836736,48.93617021276596,36.734693877551024,50.0,17.02127659574468,29.78723404255319,17.77777777777778,16.3265306122449,16.0,38.775510204081634,29.166666666666668,27.083333333333332,15.217391304347828,98.0392156862745,2.2222222222222223,34.0,16.3265306122449,30.434782608695656,25.53191489361702,26.53061224489796,8.695652173913043,6.382978723404255,12.5
98,14.583333333333334,22.448979591836736,48.93617021276596,36.734693877551024,50.0,17.02127659574468,29.78723404255319,17.77777777777778,16.3265306122449,16.0,38.775510204081634,29.166666666666668,27.083333333333332,15.217391304347828,98.0392156862745,2.2222222222222223,34.0,16.3265306122449,30.434782608695656,25.53191489361702,26.53061224489796,8.695652173913043,6.382978723404255,12.5
99,14.583333333333334,22.448979591836736,48.93617021276596,36.734693877551024,50.0,17.02127659574468,29.78723404255319,17.77777777777778,16.3265306122449,16.0,38.775510204081634,29.166666666666668,27.083333333333332,15.217391304347828,98.0392156862745,2.2222222222222223,34.0,16.3265306122449,30.434782608695656,25.53191489361702,26.53061224489796,8.695652173913043,6.382978723404255,12.5
100,14.583333333333334,22.448979591836736,48.93617021276596,36.734693877551024,50.0,17.02127659574468,29.78723404255319,17.77777777777778,16.3265306122449,16.0,38.775510204081634,29.166666666666668,27.083333333333332,15.217391304347828,98.0392156862745,2.2222222222222223,34.0,16.3265306122449,30.434782608695656,25.53191489361702,26.53061224489796,8.695652173913043,6.382978723404255,12.5
101,14.583333333333334,22.448979591836736,48.93617021276596,36.734693877551024,50.0,17.02127659574468,29.78723404255319,17.77777777777778,16.3265306122449,16.0,38.775510204081634,29.166666666666668,27.083333333333332,15.217391304347828,98.0392156862745,2.2222222222222223,34.0,16.3265306122449,30.434782608695656,25.53191489361702,26.53061224489796,8.695652173913043,6.382978723404255,12.5
102,14.583333333333334,22.448979591836736,48.93617021276596,36.734693877551024,50.0,17.02127659574468,29.78723404255319,17.77777777777778,16.3265306122449,16.0,38.775510204081634,29.166666666666668,27.083333333333332,15.217391304347828,98.0392156862745,2.2222222222222223,34.0,16.3265306122449,30.434782608695656,25.53191489361702,26.53061224489796,8.695652173913043,6.382978723404255,12.5
103,14.583333333333334,22.448979591836736,48.93617021276596,36.734693877551024,50.0,17.02127659574468,29.78723404255319,17.77777777777778,16.3265306122449,16.0,38.775510204081634,29.166666666666668,27.083333333333332,15.217391304347828,98.0392156862745,2.2222222222222223,34.0,16.3265306122449,30.434782608695656,25.53191489361702,26.53061224489796,8.695652173913043,6.382978723404255,12.5
104,14.583333333333334,22.448979591836736,48.93617021276596,36.734693877551024,50.0,17.02127659574468,29.78723404255319,17.77777777777778,16.3265306122449,16.0,38.775510204081634,29.166666666666668,27.083333333333332,15.217391304347828,98.0392156862745,2.2222222222222223,34.0,16.3265306122449,30.434782608695656,25.53191489361702,26.53061224489796,8.695652173913043,6.382978723404255,12.5
105,18.0,38.0,47.05882352941176,31.914893617021278,100.0,56.00000000000001,33.33333333333333,25.53191489361702,20.833333333333336,20.0,32.0,34.0,25.53191489361702,20.408163265306122,64.70588235294117,15.217391304347828,34.69387755102041,12.5,32.0,30.612244897959183,31.25,21.568627450980394,20.0,15.217391304347828
106,18.0,38.0,47.05882352941176,31.914893617021278,100.0,56.00000000000001,33.33333333333333,25.53191489361702,20.833333333333336,20.0,32.0,34.0,25.53191489361702,20.408163265306122,64.70588235294117,15.217391304347828,34.69387755102041,12.5,32.0,30.612244897959183,31.25,21.568627450980394,20.0,15.217391304347828
107,18.0,38.0,47.05882352941176,31.914893617021278,100.0,56.00000000000001,33.33333333333333,25.53191489361702,20.833333333333336,20.0,32.0,34.0,25.53191489361702,20.408163265306122,64.70588235294117,15.217391304347828,34.69387755102041,12.5,32.0,30.612244897959183,31.25,21.568627450980394,20.0,15.217391304347828
108,18.0,38.0,47.05882352941176,31.914893617021278,100.0,56.00000000000001,33.33333333333333,25.53191489361702,20.833333333333336,20.0,32.0,34.0,25.53191489361702,20.408163265306122,64.70588235294117,15.217391304347828,34.69387755102041,12.5,32.0,30.612244897959183,31.25,21.568627450980394,20.0,15.217391304347828
109,18.0,38.0,47.05882352941176,31.914893617021278,100.0,56.00000000000001,33.33333333333333,25.53191489361702,20.833333333333336,20.0,32.0,34.0,25.53191489361702,20.408163265306122,64.70588235294117,15.217391304347828,34.69387755102041,12.5,32.0,30.612244897959183,31.25,21.568627450980394,20.0,15.217391304347828
110,18.0,38.0,47.05882352941176,31.914893617021278,100.0,56.00000000000001,33.33333333333333,25.53191489361702,20.833333333333336,20.0,32.0,34.0,25.53191489361702,20.408163265306122,64.70588235294117,15.217391304347828,34.69387755102041,12.5,32.0,30.612244897959183,31.25,21.568627450980394,20.0,15.217391304347828
111,18.0,38.0,47.05882352941176,31.914893617021278,100.0,56.00000000000001,33.33333333333333,25.53191489361702,20.833333333333336,20.0,32.0,34.0,25.53191489361702,20.408163265306122,64.70588235294117,15.217391304347828,34.69387755102041,12.5,32.0,30.612244897959183,31.25,21.568627450980394,20.0,15.217391304347828
112,18.0,38.0,47.05882352941176,31.914893617021278,100.0,56.00000000000001,33.33333333333333,25.53191489361702,20.833333333333336,20.0,32.0,34.0,25.53191489361702,20.408163265306122,64.70588235294117,15.217391304347828,34.69387755102041,12.5,32.0,30.612244897959183,31.25,21.568627450980394,20.0,15.217391304347828
113,18.0,38.0,47.05882352941176,31.914893617021278,100.0,56.00000000000001,33.33333333333333,25.53191489361702,20.833333333333336,20.0,32.0,34.0,25.53191489361702,20.408163265306122,64.70588235294117,15.217391304347828,34.69387755102041,12.5,32.0,30.612244897959183,31.25,21.568627450980394,20.0,15.217391304347828
114,16.071428571428573,35.18518518518518,26.923076923076923,33.33333333333333,17.307692307692307,94.73684210526315,29.629629629629626,34.54545454545455,21.818181818181817,14.545454545454545,40.74074074074074,58.18181818181818,28.30188679245283,15.384615384615385,11.320754716981133,19.642857142857142,27.27272727272727,28.30188679245283,29.09090909090909,28.07017543859649,32.72727272727273,16.363636363636363,13.461538461538462,16.666666666666664
115,16.071428571428573,35.18518518518518,26.923076923076923,33.33333333333333,17.307692307692307,94.73684210526315,29.629629629629626,34.54545454545455,21.818181818181817,14.545454545454545,40.74074074074074,58.18181818181818,28.30188679245283,15.384615384615385,11.320754716981133,19.642857142857142,27.27272727272727,28.30188679245283,29.09090909090909,28.07017543859649,32.72727272727273,16.363636363636363,13.461538461538462,16.666666666666664
116,16.071428571428573,35.18518518518518,26.923076923076923,33.33333333333333,17.307692307692307,94.73684210526315,29.629629629629626,34.54545454545455,21.818181818181817,14.545454545454545,40.74074074074074,58.18181818181818,28.30188679245283,15.384615384615385,11.320754716981133,19.642857142857142,27.27272727272727,28.30188679245283,29.09090909090909,28.07017543859649,32.72727272727273,16.363636363636363,13.461538461538462,16.666666666666664
117,16.071428571428573,35.18518518518518,26.923076923076923,33.33333333333333,17.307692307692307,94.73684210526315,29.629629629629626,34.54545454545455,21.818181818181817,14.545454545454545,40.74074074074074,58.18181818181818,28.30188679245283,15.384615384615385,11.320754716981133,19.642857142857142,27.27272727272727,28.30188679245283,29.09090909090909,28.07017543859649,32.72727272727273,16.363636363636363,13.461538461538462,16.666666666666664
118,16.071428571428573,35.18518518518518,26.923076923076923,33.33333333333333,17.307692307692307,94.73684210526315,29.629629629629626,34.54545454545455,21.818181818181817,14.545454545454545,40.74074074074074,58.18181818181818,28.30188679245283,15.384615384615385,11.320754716981133,19.642857142857142,27.27272727272727,28.30188679245283,29.09090909090909,28.07017543859649,32.72727272727273,16.363636363636363,13.461538461538462,16.666666666666664
119,16.071428571428573,35.18518518518518,26.923076923076923,33.33333333333333,17.307692307692307,94.73684210526315,29.629629629629626,34.54545454545455,21.818181818181817,14.545454545454545,40.74074074074074,58.18181818181818,28.30188679245283,15.384615384615385,11.320754716981133,19.642857142857142,27.27272727272727,28.30188679245283,29.09090909090909,28.07017543859649,32.72727272727273,16.363636363636363,13.461538461538462,16.666666666666664
120,16.071428571428573,35.18518518518518,26.923076923076923,33.33333333333333,17.307692307692307,94.73684210526315,29.629629629629626,34.54545454545455,21.818181818181817,14.545454545454545,40.74074074074074,58.18181818181818,28.30188679245283,15.384615384615385,11.320754716981133,19.642857142857142,27.27272727272727,28.30188679245283,29.09090909090909,28.07017543859649,32.72727272727273,16.363636363636363,13.461538461538462,16.666666666666664
121,16.071428571428573,35.18518518518518,26.923076923076923,33.33333333333333,17.307692307692307,94.73684210526315,29.629629629629626,34.54545454545455,21.818181818181817,14.545454545454545,40.74074074074074,58.18181818181818,28.30188679245283,15.384615384615385,11.320754716981133,19.642857142857142,27.27272727272727,28.30188679245283,29.09090909090909,28.07017543859649,32.72727272727273,16.363636363636363,13.461538461538462,16.666666666666664
122,14.583333333333334,36.17021276595745,51.02040816326531,61.224489795918366,22.0,8.16326530612245,27.659574468085108,27.083333333333332,24.0,16.666666666666664,48.97959183673469,42.857142857142854,41.66666666666667,16.3265306122449,18.0,14.583333333333334,32.0,98.0392156862745,29.411764705882355,23.404255319148938,30.0,18.75,22.448979591836736,20.833333333333336
123,14.583333333333334,36.17021276595745,51.02040816326531,61.224489795918366,22.0,8.16326530612245,27.659574468085108,27.083333333333332,24.0,16.666666666666664,48.97959183673469,42.857142857142854,41.66666666666667,16.3265306122449,18.0,14.583333333333334,32.0,98.0392156862745,29.411764705882355,23.404255319148938,30.0,18.75,22.448979591836736,20.833333333333336
124,14.583333333333334,36.17021276595745,51.02040816326531,61.224489795918366,22.0,8.16326530612245,27.659574468085108,27.083333333333332,24.0,16.666666666666664,48.97959183673469,42.857142857142854,41.66666666666667,16.3265306122449,18.0,14.583333333333334,32.0,98.0392156862745,29.411764705882355,23.404255319148938,30.0,18.75,22.448979591836736,20.833333333333336
125,14.583333333333334,36.17021276595745,51.02040816326531,61.224489795918366,22.0,8.16326530612245,27.659574468085108,27.083333333333332,24.0,16.666666666666664,48.97959183673469,42.857142857142854,41.66666666666667,16.3265306122449,18.0,14.583333333333334,32.0,98.0392156862745,29.411764705882355,23.404255319148938,30.0,18.75,22.448979591836736,20.833333333333336
126,14.583333333333334,36.17021276595745,51.02040816326531,61.224489795918366,22.0,8.16326530612245,27.659574468085108,27.083333333333332,24.0,16.666666666666664,48.97959183673469,42.857142857142854,41.66666666666667,16.3265306122449,18.0,14.583333333333334,32.0,98.0392156862745,29.411764705882355,23.404255319148938,30.0,18.75,22.448979591836736,20.833333333333336
127,14.583333333333334,36.17021276595745,51.02040816326531,61.224489795918366,22.0,8.16326530612245,27.659574468085108,27.083333333333332,24.0,16.666666666666664,48.97959183673469,42.857142857142854,41.66666666666667,16.3265306122449,18.0,14.583333333333334,32.0,98.0392156862745,29.411764705882355,23.404255319148938,30.0,18.75,22.448979591836736,20.833333333333336
128,14.583333333333334,36.17021276595745,51.02040816326531,61.224489795918366,22.0,8.16326530612245,27.659574468085108,27.083333333333332,24.0,16.666666666666664,48.97959183673469,42.857142857142854,41.66666666666667,16.3265306122449,18.0,14.583333333333334,32.0,98.0392156862745,29.411764705882355,23.404255319148938,30.0,18.75,22.448979591836736,20.833333333333336
129,14.583333333333334,36.17021276595745,51.02040816326531,61.224489795918366,22.0,8.16326530612245,27.659574468085108,27.083333333333332,24.0,16.666666666666664,48.97959183673469,42.857142857142854,41.66666666666667,16.3265306122449,18.0,14.583333333333334,32.0,98.0392156862745,29.411764705882355,23.404255319148938,30.0,18.75,22.448979591836736,20.833333333333336
130,28.000000000000004,20.0,29.166666666666668,38.775510204081634,16.3265306122449,21.27659574468085,23.404255319148938,42.30769230769231,25.0,32.6530612244898,15.217391304347828,22.916666666666664,34.69387755102041,12.76595744680851,14.285714285714285,48.0,27.083333333333332,71.15384615384616,26.08695652173913,30.612244897959183,21.27659574468085,18.75,30.0,31.914893617021278
131,28.000000000000004,20.0,29.166666666666668,38.775510204081634,16.3265306122449,21.27659574468085,23.404255319148938,42.30769230769231,25.0,32.6530612244898,15.217391304347828,22.916666666666664,34.69387755102041,12.76595744680851,14.285714285714285,48.0,27.083333333333332,71.15384615384616,26.08695652173913,30.612244897959183,21.27659574468085,18.75,30.0,31.914893617021278
132,28.000000000000004,20.0,29.166666666666668,38.775510204081634,16.3265306122449,21.27659574468085,23.404255319148938,42.30769230769231,25.0,32.6530612244898,15.217391304347828,22.916666666666664,34.69387755102041,12.76595744680851,14.285714285714285,48.0,27.083333333333332,71.15384615384616,26.08695652173913,30.612244897959183,21.27659574468085,18.75,30.0,31.914893617021278
133,28.000000000000004,20.0,29.166666666666668,38.775510204081634,16.3265306122449,21.27659574468085,23.404255319148938,42.30769230769231,25.0,32.6530612244898,15.217391304347828,22.916666666666664,34.69387755102041,12.76595744680851,14.285714285714285,48.0,27.083333333333332,71.15384615384616,26.08695652173913,30.612244897959183,21.27659574468085,18.75,30.0,31.914893617021278
134,28.000000000000004,20.0,29.166666666666668,38.775510204081634,16.3265306122449,21.27659574468085,23.404255319148938,42.30769230769231,25.0,32.6530612244898,15.217391304347828,22.916666666666664,34.69387755102041,12.76595744680851,14.285714285714285,48.0,27.083333333333332,71.15384615384616,26.08695652173913,30.612244897959183,21.27659574468085,18.75,30.0,31.914893617021278
135,28.000000000000004,20.0,29.166666666666668,38.775510204081634,16.3265306122449,21.27659574468085,23.404255319148938,42.30769230769231,25.0,32.6530612244898,15.217391304347828,22.916666666666664,34.69387755102041,12.76595744680851,14.285714285714285,48.0,27.083333333333332,71.15384615384616,26.08695652173913,30.612244897959183,21.27659574468085,18.75,30.0,31.914893617021278
136,28.000000000000004,20.0,29.166666666666668,38.775510204081634,16.3265306122449,21.27659574468085,23.404255319148938,42.30769230769231,25.0,32.6530612244898,15.217391304347828,22.916666666666664,34.69387755102041,12.76595744680851,14.285714285714285,48.0,27.083333333333332,71.15384615384616,26.08695652173913,30.612244897959183,21.27659574468085,18.75,30.0,31.914893617021278
137,28.000000000000004,20.0,29.166666666666668,38.775510204081634,16.3265306122449,21.27659574468085,23.404255319148938,42.30769230769231,25.0,32.6530612244898,15.217391304347828,22.916666666666664,34.69387755102041,12.76595744680851,14.285714285714285,48.0,27.083333333333332,71.15384615384616,26.08695652173913,30.612244897959183,21.27659574468085,18.75,30.0,31.914893617021278
138,17.391304347826086,44.230769230769226,35.41666666666667,21.73913043478261,52.083333333333336,68.62745098039215,30.434782608695656,32.6530612244898,13.636363636363635,23.404255319148938,35.41666666666667,39.58333333333333,49.01960784313725,10.638297872340425,8.333333333333332,12.5,21.73913043478261,20.0,32.6530612244898,34.69387755102041,31.25,22.916666666666664,21.27659574468085,21.27659574468085
139,17.391304347826086,44.230769230769226,35.41666666666667,21.73913043478261,52.083333333333336,68.62745098039215,30.434782608695656,32.6530612244898,13.636363636363635,23.404255319148938,35.41666666666667,39.58333333333333,49.01960784313725,10.638297872340425,8.333333333333332,12.5,21.73913043478261,20.0,32.6530612244898,34.69387755102041,31.25,22.916666666666664,21.27659574468085,21.27659574468085
140,17.391304347826086,44.230769230769226,35.41666666666667,21.73913043478261,52.083333333333336,68.62745098039215,30.434782608695656,32.6530612244898,13.636363636363635,23.404255319148938,35.41666666666667,39.58333333333333,49.01960784313725,10.638297872340425,8.333333333333332,12.5,21.73913043478261,20.0,32.6530612244898,34.69387755102041,31.25,22.916666666666664,21.27659574468085,21.27659574468085
141,17.391304347826086,44.230769230769226,35.41666666666667,21.73913043478261,52.083333333333336,68.62745098039215,30.434782608695656,32.6530612244898,13.636363636363635,23.404255319148938,35.41666666666667,39.58333333333333,49.01960784313725,10.638297872340425,8.333333333333332,12.5,21.73913043478261,20.0,32.6530612244898,34.69387755102041,31.25,22.916666666666664,21.27659574468085,21.27659574468085
142,17.391304347826086,44.230769230769226,35.41666666666667,21.73913043478261,52.083333333333336,68.62745098039215,30.434782608695656,32.6530612244898,13.636363636363635,23.404255319148938,35.41666666666667,39.58333333333333,49.01960784313725,10.638297872340425,8.333333333333332,12.5,21.73913043478261,20.0,32.6530612244898,34.69387755102041,31.25,22.916666666666664,21.27659574468085,21.27659574468085
143,17.391304347826086,44.230769230769226,35.41666666666667,21.73913043478261,52.083333333333336,68.62745098039215,30.434782608695656,32.6530612244898,13.636363636363635,23.404255319148938,35.41666666666667,39.58333333333333,49.01960784313725,10.638297872340425,8.333333333333332,12.5,21.73913043478261,20.0,32.6530612244898,34.69387755102041,31.25,22.916666666666664,21.27659574468085,21.27659574468085
144,17.391304347826086,44.230769230769226,35.41666666666667,21.73913043478261,52.083333333333336,68.62745098039215,30.434782608695656,32.6530612244898,13.636363636363635,23.404255319148938,35.41666666666667,39.58333333333333,49.01960784313725,10.638297872340425,8.333333333333332,12.5,21.73913043478261,20.0,32.6530612244898,34.69387755102041,31.25,22.916666666666664,21.27659574468085,21.27659574468085
145,17.391304347826086,44.230769230769226,35.41666666666667,21.73913043478261,52.083333333333336,68.62745098039215,30.434782608695656,32.6530612244898,13.636363636363635,23.404255319148938,35.41666666666667,39.58333333333333,49.01960784313725,10.638297872340425,8.333333333333332,12.5,21.73913043478261,20.0,32.6530612244898,34.69387755102041,31.25,22.916666666666664,21.27659574468085,21.27659574468085
146,17.391304347826086,44.230769230769226,35.41666666666667,21.73913043478261,52.083333333333336,68.62745098039215,30.434782608695656,32.6530612244898,13.636363636363635,23.404255319148938,35.41666666666667,39.58333333333333,49.01960784313725,10.638297872340425,8.333333333333332,12.5,21.73913043478261,20.0,32.6530612244898,34.69387755102041,31.25,22.916666666666664,21.27659574468085,21.27659574468085
147,17.307692307692307,40.0,37.735849056603776,31.372549019607842,98.21428571428571,13.725490196078432,28.000000000000004,21.153846153846153,20.0,12.244897959183673,40.74074074074074,27.77777777777778,36.53846153846153,7.6923076923076925,19.607843137254903,16.666666666666664,28.846153846153843,8.0,26.0,25.0,23.076923076923077,16.0,13.20754716981132,16.9811320754717
148,17.307692307692307,40.0,37.735849056603776,31.372549019607842,98.21428571428571,13.725490196078432,28.000000000000004,21.153846153846153,20.0,12.244897959183673,40.74074074074074,27.77777777777778,36.53846153846153,7.6923076923076925,19.607843137254903,16.666666666666664,28.846153846153843,8.0,26.0,25.0,23.076923076923077,16.0,13.20754716981132,16.9811320754717
149,17.307692307692307,40.0,37.735849056603776,31.372549019607842,98.21428571428571,13.725490196078432,28.000000000000004,21.153846153846153,20.0,12.244897959183673,40.74074074074074,27.77777777777778,36.53846153846153,7.6923076923076925,19.607843137254903,16.666666666666664,28.846153846153843,8.0,26.0,25.0,23.076923076923077,16.0,13.20754716981132,16.9811320754717
150,17.307692307692307,40.0,37.735849056603776,31.372549019607842,98.21428571428571,13.725490196078432,28.000000000000004,21.153846153846153,20.0,12.244897959183673,40.74074074074074,27.77777777777778,36.53846153846153,7.6923076923076925,19.607843137254903,16.666666666666664,28.846153846153843,8.0,26.0,25.0,23.076923076923077,16.0,13.20754716981132,16.9811320754717
151,17.307692307692307,40.0,37.735849056603776,31.372549019607842,98.21428571428571,13.725490196078432,28.000000000000004,21.153846153846153,20.0,12.244897959183673,40.74074074074074,27.77777777777778,36.53846153846153,7.6923076923076925,19.607843137254903,16.666666666666664,28.846153846153843,8.0,26.0,25.0,23.076923076923077,16.0,13.20754716981132,16.9811320754717
152,17.307692307692307,40.0,37.735849056603776,31.372549019607842,98.21428571428571,13.725490196078432,28.000000000000004,21.153846153846153,20.0,12.244897959183673,40.74074074074074,27.77777777777778,36.53846153846153,7.6923076923076925,19.607843137254903,16.666666666666664,28.846153846153843,8.0,26.0,25.0,23.076923076923077,16.0,13.20754716981132,16.9811320754717
153,17.307692307692307,40.0,37.735849056603776,31.372549019607842,98.21428571428571,13.725490196078432,28.000000000000004,21.153846153846153,20.0,12.244897959183673,40.74074074074074,27.77777777777778,36.53846153846153,7.6923076923076925,19.607843137254903,16.666666666666664,28.846153846153843,8.0,26.0,25.0,23.076923076923077,16.0,13.20754716981132,16.9811320754717
154,17.307692307692307,40.0,37.735849056603776,31.372549019607842,98.21428571428571,13.725490196078432,28.000000000000004,21.153846153846153,20.0,12.244897959183673,40.74074074074074,27.77777777777778,36.53846153846153,7.6923076923076925,19.607843137254903,16.666666666666664,28.846153846153843,8.0,26.0,25.0,23.076923076923077,16.0,13.20754716981132,16.9811320754717
155,17.307692307692307,40.0,37.735849056603776,31.372549019607842,98.21428571428571,13.725490196078432,28.000000000000004,21.153846153846153,20.0,12.244897959183673,40.74074074074074,27.77777777777778,36.53846153846153,7.6923076923076925,19.607843137254903,16.666666666666664,28.846153846153843,8.0,26.0,25.0,23.076923076923077,16.0,13.20754716981132,16.9811320754717
156,15.686274509803921,35.714285714285715,33.33333333333333,35.18518518518518,98.21428571428571,7.6923076923076925,25.49019607843137,31.372549019607842,12.76595744680851,24.528301886792452,52.72727272727272,24.528301886792452,32.72727272727273,12.962962962962962,12.962962962962962,13.20754716981132,29.411764705882355,17.307692307692307,24.0,14.285714285714285,20.0,18.367346938775512,24.528301886792452,19.607843137254903
